{"stats":{"minecraft:picked_up":{"minecraft:beef":3,"minecraft:rotten_flesh":1,"minecraft:leather":1,"minecraft:wheat_seeds":1,"minecraft:dirt":1,"mysticalworld:aubergine_seeds":1},"minecraft:killed":{"minecraft:cow":1},"minecraft:used":{"minecraft:dirt":1},"minecraft:mined":{"minecraft:grass":13,"minecraft:grass_block":1},"minecraft:custom":{"minecraft:jump":71,"minecraft:open_chest":1,"minecraft:time_since_rest":4819,"minecraft:damage_dealt":159,"minecraft:play_one_minute":4819,"minecraft:leave_game":2,"minecraft:sprint_one_cm":11766,"minecraft:damage_taken":120,"minecraft:time_since_death":4819,"minecraft:walk_one_cm":16249,"minecraft:mob_kills":2,"minecraft:fly_one_cm":17876,"minecraft:fall_one_cm":2148}},"DataVersion":2586}