{"stats":{"minecraft:mined":{"minecraft:tall_grass":1,"minecraft:grass":74,"minecraft:grass_block":3,"minecraft:dirt":1,"minecraft:fern":15},"minecraft:custom":{"minecraft:jump":22,"minecraft:time_since_rest":1526,"minecraft:damage_dealt":15,"minecraft:sprint_one_cm":2465,"minecraft:crouch_one_cm":165,"minecraft:leave_game":2,"minecraft:play_time":1526,"minecraft:damage_taken":10,"minecraft:time_since_death":1526,"minecraft:walk_one_cm":9054,"minecraft:sneak_time":31,"minecraft:total_world_time":1526,"minecraft:fall_one_cm":962,"minecraft:fly_one_cm":3808},"minecraft:used":{"minecraft:dirt":4},"minecraft:picked_up":{"minecraft:wheat_seeds":6,"minecraft:dirt":4}},"DataVersion":3465}