{"stats":{"minecraft:picked_up":{"minecraft:rotten_flesh":1,"minecraft:kelp":3,"minecraft:wheat_seeds":8,"mysticalworld:aubergine_seeds":2,"minecraft:oak_log":4,"minecraft:dark_oak_log":1,"minecraft:dirt":32},"minecraft:used":{"minecraft:dirt":24},"minecraft:mined":{"minecraft:seagrass":1,"minecraft:grass":47,"minecraft:grass_block":31,"minecraft:oak_log":4,"minecraft:dirt":3,"minecraft:kelp_plant":1,"minecraft:tall_grass":2,"minecraft:dark_oak_log":1,"minecraft:oak_leaves":3},"minecraft:killed":{"specialmobs:spider":1},"minecraft:custom":{"minecraft:time_since_rest":18390,"minecraft:play_one_minute":18390,"minecraft:crouch_one_cm":1300,"minecraft:sprint_one_cm":19313,"minecraft:damage_taken":85,"minecraft:walk_one_cm":24564,"minecraft:sneak_time":362,"minecraft:walk_under_water_one_cm":2219,"minecraft:mob_kills":1,"minecraft:jump":122,"minecraft:damage_dealt":157,"minecraft:leave_game":5,"minecraft:walk_on_water_one_cm":1324,"minecraft:time_since_death":18266,"minecraft:swim_one_cm":6151,"minecraft:fall_one_cm":2250,"minecraft:fly_one_cm":24790}},"DataVersion":2586}