{"stats":{"minecraft:picked_up":{"minecraft:wheat_seeds":8,"minecraft:dark_oak_log":1,"minecraft:dirt":6},"minecraft:used":{"minecraft:dirt":3},"minecraft:mined":{"minecraft:grass":44,"minecraft:seagrass":1,"minecraft:grass_block":7,"minecraft:dark_oak_log":1},"minecraft:custom":{"minecraft:jump":37,"minecraft:time_since_rest":7661,"minecraft:walk_one_cm":13264,"minecraft:crouch_one_cm":548,"minecraft:play_one_minute":7661,"minecraft:leave_game":5,"minecraft:sprint_one_cm":6268,"minecraft:time_since_death":7661,"minecraft:walk_on_water_one_cm":313,"minecraft:sneak_time":64,"minecraft:fall_one_cm":1219,"minecraft:fly_one_cm":5711}},"DataVersion":2586}