{"stats":{"minecraft:picked_up":{"minecraft:spruce_log":2,"minecraft:wheat_seeds":1,"minecraft:dirt":4},"minecraft:mined":{"minecraft:large_fern":12,"minecraft:grass":2,"minecraft:spruce_leaves":4,"minecraft:grass_block":4,"minecraft:spruce_log":2,"minecraft:fern":4},"minecraft:custom":{"minecraft:jump":81,"minecraft:time_since_rest":406,"minecraft:deaths":1,"minecraft:damage_taken":220,"minecraft:leave_game":5,"minecraft:play_time":2442,"minecraft:sprint_one_cm":12880,"minecraft:time_since_death":381,"minecraft:walk_one_cm":3164,"minecraft:total_world_time":2442,"minecraft:fall_one_cm":2835,"minecraft:fly_one_cm":17591},"minecraft:used":{"minecraft:spruce_log":1}},"DataVersion":3465}