{"stats":{"minecraft:picked_up":{"minecraft:stick":2,"minecraft:oak_log":7,"minecraft:lily_of_the_valley":1,"minecraft:oak_planks":1,"minecraft:dirt":23},"minecraft:used":{"minecraft:dirt":7,"minecraft:lily_of_the_valley":1},"minecraft:mined":{"minecraft:grass_block":9,"minecraft:oak_log":7,"minecraft:white_stained_glass":2,"minecraft:dirt":1,"minecraft:lily_of_the_valley":1,"minecraft:blue_stained_glass":2,"minecraft:birch_leaves":1,"minecraft:yellow_stained_glass":2,"minecraft:oak_planks":1,"minecraft:oak_leaves":2},"minecraft:custom":{"minecraft:open_barrel":2,"minecraft:time_since_rest":3531,"minecraft:play_time":10693,"minecraft:sprint_one_cm":34736,"minecraft:damage_taken":10,"minecraft:walk_one_cm":25249,"minecraft:walk_under_water_one_cm":241,"minecraft:jump":279,"minecraft:damage_dealt":50,"minecraft:leave_game":5,"minecraft:time_since_death":10693,"minecraft:total_world_time":10693,"minecraft:walk_on_water_one_cm":4687,"minecraft:sleep_in_bed":1,"minecraft:climb_one_cm":1326,"minecraft:swim_one_cm":5298,"minecraft:fall_one_cm":8180,"minecraft:fly_one_cm":53895}},"DataVersion":3465}