{"stats":{"minecraft:picked_up":{"minecraft:wheat_seeds":8,"minecraft:dark_oak_log":1,"minecraft:dirt":5},"minecraft:used":{"minecraft:dirt":2},"minecraft:mined":{"minecraft:grass":44,"minecraft:grass_block":6,"minecraft:dark_oak_log":1},"minecraft:custom":{"minecraft:jump":7,"minecraft:time_since_rest":5598,"minecraft:crouch_one_cm":548,"minecraft:play_one_minute":5598,"minecraft:leave_game":3,"minecraft:sprint_one_cm":87,"minecraft:walk_one_cm":11403,"minecraft:time_since_death":5598,"minecraft:sneak_time":64}},"DataVersion":2586}