{"stats":{"minecraft:picked_up":{"minecraft:rotten_flesh":1,"minecraft:leather":1,"minecraft:wheat_seeds":6,"mysticalworld:aubergine_seeds":6,"minecraft:beef":3,"minecraft:oak_log":3,"minecraft:dirt":7},"minecraft:killed":{"minecraft:cow":1},"minecraft:mined":{"minecraft:grass":56,"minecraft:grass_block":4,"minecraft:oak_log":3,"minecraft:dirt":3,"minecraft:tall_grass":2,"minecraft:oak_leaves":3},"minecraft:used":{"minecraft:rotten_flesh":1,"minecraft:dirt":7,"minecraft:beef":1},"minecraft:custom":{"minecraft:time_since_rest":13234,"minecraft:open_chest":1,"minecraft:play_one_minute":13234,"minecraft:sprint_one_cm":18227,"minecraft:damage_taken":120,"minecraft:walk_one_cm":18006,"minecraft:mob_kills":2,"minecraft:jump":95,"minecraft:damage_dealt":159,"minecraft:leave_game":3,"minecraft:time_since_death":13234,"minecraft:fall_one_cm":2357,"minecraft:fly_one_cm":20717}},"DataVersion":2586}