{"stats":{"minecraft:custom":{"minecraft:open_chest":2,"minecraft:time_since_rest":3958,"minecraft:walk_one_cm":9843,"minecraft:sprint_one_cm":21486,"minecraft:play_time":4532,"minecraft:damage_taken":390,"minecraft:deaths":1,"minecraft:walk_under_water_one_cm":86,"minecraft:jump":222,"minecraft:damage_dealt":82,"minecraft:leave_game":2,"minecraft:walk_on_water_one_cm":1270,"minecraft:time_since_death":3933,"minecraft:total_world_time":4532,"minecraft:swim_one_cm":690,"minecraft:fall_one_cm":9587,"minecraft:fly_one_cm":59039},"minecraft:mined":{"minecraft:grass":5,"minecraft:grass_block":2,"minecraft:rose_bush":9,"minecraft:dirt":1,"minecraft:lilac":11,"biomesoplenty:sprout":18,"minecraft:dandelion":1,"minecraft:oak_leaves":2,"minecraft:azure_bluet":1},"minecraft:killed_by":{"specialmobs:skeleton":1},"minecraft:picked_up":{"minecraft:lilac":4,"minecraft:dandelion":1,"minecraft:rose_bush":6,"minecraft:sugar_cane":2,"minecraft:dirt":3}},"DataVersion":3465}