{"stats":{"minecraft:custom":{"minecraft:jump":53,"minecraft:time_since_rest":3010,"minecraft:damage_dealt":58,"minecraft:play_one_minute":3010,"minecraft:leave_game":1,"minecraft:sprint_one_cm":9479,"minecraft:damage_taken":120,"minecraft:time_since_death":3010,"minecraft:walk_one_cm":11698,"minecraft:mob_kills":1,"minecraft:fall_one_cm":1730,"minecraft:fly_one_cm":13537},"minecraft:used":{"minecraft:dirt":1},"minecraft:mined":{"minecraft:grass":13,"minecraft:grass_block":1},"minecraft:picked_up":{"minecraft:rotten_flesh":1,"minecraft:wheat_seeds":1,"minecraft:dirt":1,"mysticalworld:aubergine_seeds":1}},"DataVersion":2586}