{"stats":{"minecraft:picked_up":{"minecraft:birch_log":10,"minecraft:lime_bed":1,"minecraft:leather":1,"minecraft:diamond_sword":1,"minecraft:green_bed":2,"mysticalworld:venison":3,"mysticalworld:silkworm_egg":1,"minecraft:golden_axe":1,"minecraft:oak_log":4,"minecraft:shield":3,"artifacts:helium_flamingo":1,"minecraft:smooth_sandstone":2,"minecraft:rotten_flesh":1,"minecraft:wheat_seeds":1,"minecraft:hay_block":11,"minecraft:crossbow":1,"minecraft:bread":43,"minecraft:iron_pickaxe":1,"minecraft:sunflower":2},"minecraft:dropped":{"minecraft:birch_log":10},"minecraft:killed":{"minecraft:pillager":3,"specialmobs:zombie":3,"specialmobs:huskzombie":1,"mysticalworld:deer":1},"minecraft:mined":{"minecraft:hay_block":5,"minecraft:lime_bed":1,"minecraft:birch_log":10,"minecraft:birch_leaves":4,"minecraft:smooth_sandstone":1,"minecraft:grass":7,"minecraft:oak_log":2,"minecraft:sunflower":2,"minecraft:green_bed":1},"minecraft:used":{"minecraft:oak_log":4,"minecraft:bread":8,"minecraft:smooth_sandstone":2,"minecraft:iron_pickaxe":1,"minecraft:shield":3,"minecraft:green_bed":2,"minecraft:diamond_sword":24,"minecraft:hay_block":2,"minecraft:golden_axe":19},"minecraft:crafted":{"minecraft:wheat":81},"minecraft:custom":{"minecraft:time_since_rest":25545,"minecraft:sprint_one_cm":60056,"minecraft:open_enderchest":1,"minecraft:damage_taken":443,"minecraft:walk_one_cm":62893,"minecraft:damage_blocked_by_shield":110,"minecraft:mob_kills":10,"minecraft:drop":1,"minecraft:damage_dealt":1657,"minecraft:interact_with_crafting_table":1,"minecraft:swim_one_cm":5956,"minecraft:fly_one_cm":98736,"minecraft:open_barrel":7,"minecraft:open_chest":1,"minecraft:crouch_one_cm":518,"minecraft:play_one_minute":25545,"minecraft:sneak_time":111,"minecraft:walk_under_water_one_cm":1344,"minecraft:jump":443,"minecraft:leave_game":2,"minecraft:time_since_death":25545,"minecraft:walk_on_water_one_cm":442,"minecraft:climb_one_cm":2704,"minecraft:fall_one_cm":14724}},"DataVersion":2586}