{"stats":{"minecraft:picked_up":{"minecraft:birch_log":10,"minecraft:lime_bed":1,"minecraft:diamond_sword":1,"minecraft:green_bed":2,"mysticalworld:silkworm_egg":1,"minecraft:golden_axe":1,"minecraft:oak_log":4,"minecraft:shield":3,"artifacts:helium_flamingo":1,"minecraft:smooth_sandstone":2,"minecraft:hay_block":11,"minecraft:crossbow":1,"minecraft:bread":43,"minecraft:iron_pickaxe":1,"minecraft:sunflower":2},"minecraft:dropped":{"minecraft:birch_log":10},"minecraft:killed":{"minecraft:pillager":2},"minecraft:mined":{"minecraft:hay_block":5,"minecraft:lime_bed":1,"minecraft:birch_log":10,"minecraft:birch_leaves":4,"minecraft:smooth_sandstone":1,"minecraft:grass":1,"minecraft:oak_log":2,"minecraft:sunflower":2,"minecraft:green_bed":1},"minecraft:used":{"minecraft:oak_log":4,"minecraft:bread":4,"minecraft:iron_pickaxe":1,"minecraft:green_bed":2,"minecraft:diamond_sword":5,"minecraft:hay_block":2,"minecraft:golden_axe":19},"minecraft:crafted":{"minecraft:wheat":81},"minecraft:custom":{"minecraft:time_since_rest":19762,"minecraft:sprint_one_cm":37615,"minecraft:open_enderchest":1,"minecraft:damage_taken":290,"minecraft:walk_one_cm":43225,"minecraft:mob_kills":2,"minecraft:drop":1,"minecraft:damage_dealt":519,"minecraft:interact_with_crafting_table":1,"minecraft:swim_one_cm":917,"minecraft:fly_one_cm":56627,"minecraft:open_barrel":7,"minecraft:open_chest":1,"minecraft:crouch_one_cm":482,"minecraft:play_one_minute":19762,"minecraft:sneak_time":101,"minecraft:walk_under_water_one_cm":428,"minecraft:jump":274,"minecraft:leave_game":1,"minecraft:time_since_death":19762,"minecraft:walk_on_water_one_cm":442,"minecraft:climb_one_cm":2704,"minecraft:fall_one_cm":7232}},"DataVersion":2586}