{"stats":{"minecraft:picked_up":{"minecraft:golden_axe":1,"minecraft:oak_log":4,"minecraft:green_bed":2},"minecraft:mined":{"minecraft:oak_log":2,"minecraft:green_bed":1},"minecraft:used":{"minecraft:oak_log":2,"minecraft:green_bed":1},"minecraft:custom":{"minecraft:jump":30,"minecraft:time_since_rest":7762,"minecraft:crouch_one_cm":119,"minecraft:play_one_minute":7762,"minecraft:leave_game":1,"minecraft:sprint_one_cm":5694,"minecraft:time_since_death":7762,"minecraft:walk_one_cm":6525,"minecraft:sneak_time":21,"minecraft:fall_one_cm":627,"minecraft:fly_one_cm":4491}},"DataVersion":2586}